Policy Number,Transaction ID,Effective Date,Product,Program,Account Number,Insured Name,Premium,Actions,policystatus,issueddate,shreddertransinbounddate,shredderstginbounddate,policyodsstgfirstdate,policyodscvt,policyodstranfirstdate
PK202400016984,"3,98,352",07-07-2024,Package,Propane & Fuel Dealers,10252227,hfx_155540L,"37,848",,InProcess,6-2-25 1:04 AM,6-2-25 6:20 AM,6-2-25 6:20 AM,6-2-25 10:32 AM,6-2-25 11:25 AM,
PK202500017009,"3,98,529",01-07-2025,Package,Propane & Fuel Dealers,10252463,PKG GL Test,"1,542",,InProcess,6-2-25 11:13 PM,6-3-25 4:30 AM,6-3-25 4:30 AM,6-3-25 4:53 AM,6-3-25 5:12 AM,
PK202500017019,"3,98,583",01-07-2025,Package,Franchise Equipment Dealer,10250170,Test-HFX3-23-Franchise-PKG-NJ,"3,382",,InProcess,6-3-25 11:46 AM,6-3-25 5:05 PM,6-3-25 5:05 PM,6-3-25 5:22 PM,6-3-25 5:46 PM,
PK202400017023,"3,98,630",01-10-2024,Package,Franchise Equipment Dealer,10252581,Acc_Samanage_156807,"26,827",,InProcess,6-4-25 3:07 AM,6-4-25 8:25 AM,6-4-25 8:25 AM,6-4-25 8:38 AM,6-4-25 9:30 AM,
PK202300017030,"3,98,690",01-10-2023,Package,Franchise Equipment Dealer,10252581,Acc_Samanage_156807,"23,227",,InProcess,6-5-25 5:52 AM,6-5-25 11:10 AM,6-5-25 11:10 AM,6-5-25 11:31 AM,6-5-25 11:51 AM,
PK202400017030,"3,98,691",01-10-2024,Package,Franchise Equipment Dealer,10252581,Acc_Samanage_156807,"24,662",,InProcess,6-5-25 5:56 AM,6-5-25 11:15 AM,6-5-25 11:15 AM,6-5-25 11:31 AM,6-5-25 11:51 AM,
PK202400017041,"3,98,746",18-06-2024,Package,Media - Special Events & Leisure,10252682,hfx_157496L,"1,535",,Posted,6-9-25 1:55 AM,6-9-25 7:10 AM,6-9-25 7:10 AM,6-9-25 7:29 AM,,6-9-25 8:19 AM
PK202500017042,"3,98,747",10-06-2025,Package,Media - DICE,10252685,Roslan DICE NY Copy Quote,"2,033",,Posted,6-9-25 8:40 AM,6-9-25 1:55 PM,6-9-25 1:55 PM,6-9-25 2:12 PM,,6-9-25 3:00 PM
PK202400017043,"3,98,749",14-09-2024,Package,Media - DICE,10252688,Roslan DICE NY Backdate June Release 6.9.25,"3,495",,Posted,6-9-25 10:13 AM,6-9-25 3:30 PM,6-9-25 3:30 PM,6-9-25 3:44 PM,,6-9-25 4:46 PM
PK202400017044,"3,98,751",14-09-2024,Package,Media - DICE,10252690,Roslan DICE NJ Backdate July Release 6.9.25,"5,974",,Posted,6-9-25 10:27 AM,6-9-25 3:45 PM,6-9-25 3:45 PM,6-9-25 4:16 PM,,6-9-25 5:14 PM
PK202500017047,"3,98,754",10-06-2025,Package,Media - DICE,10252698,Laura,"2,010",,Posted,6-9-25 1:42 PM,6-9-25 7:05 PM,6-9-25 7:05 PM,6-9-25 7:12 PM,,6-9-25 7:52 PM
PK202500017049,"3,98,760",01-09-2025,Package,Propane & Fuel Dealers,10252571,hfx_157017L,"7,559",,Posted,6-10-25 2:41 AM,6-10-25 8:05 AM,6-10-25 8:05 AM,6-10-25 8:19 AM,,6-10-25 12:56 PM
PK202500017049,"3,98,761",01-09-2025,Package,Propane & Fuel Dealers,10252571,hfx_157017L,0,,Posted,6-10-25 2:43 AM,6-10-25 8:05 AM,6-10-25 8:05 AM,6-10-25 1:12 PM,,6-10-25 6:04 PM
PK202500017049,"3,98,762",24-10-2025,Package,Propane & Fuel Dealers,10252571,hfx_157017L,0,,Posted,6-10-25 2:44 AM,6-10-25 8:05 AM,6-10-25 8:05 AM,6-10-25 10:11 PM,,6-11-25 10:08 AM
PK202500017049,"3,98,763",22-11-2025,Package,Propane & Fuel Dealers,10252571,hfx_157017L,0,,Posted,6-10-25 2:45 AM,6-10-25 8:05 AM,6-10-25 8:05 AM,6-11-25 6:18 AM,,6-11-25 7:04 AM
PK202500017049,"3,98,764",02-03-2026,Package,Propane & Fuel Dealers,10252571,hfx_157017L,0,,Posted,6-10-25 2:51 AM,6-10-25 8:10 AM,6-10-25 8:10 AM,6-11-25 7:18 AM,,6-11-25 8:03 AM
PK202500017049,"3,98,765",09-07-2026,Package,Propane & Fuel Dealers,10252571,hfx_157017L,-954,,Posted,6-10-25 2:55 AM,6-10-25 8:10 AM,6-10-25 8:10 AM,6-11-25 8:20 AM,,6-11-25 9:26 AM
PK202500017049,"3,98,766",09-07-2026,Package,Propane & Fuel Dealers,10252571,hfx_157017L,0,,Posted,6-10-25 3:07 AM,6-10-25 8:25 AM,6-10-25 8:25 AM,6-11-25 9:34 AM,,6-11-25 10:26 AM
PK202400017020,"3,98,774",10-09-2024,Package,Media - DICE,10252541,Roslan DICE NY Backdated June Release 6.3.25,0,,Posted,6-10-25 11:42 AM,6-10-25 5:05 PM,6-10-25 5:05 PM,6-10-25 5:43 PM,,6-10-25 10:34 PM
PK202500014632,"3,98,775",25-06-2025,Package,Media - DICE,10219476,Tests for JG,"2,047",,Posted,6-10-25 11:57 AM,6-10-25 5:15 PM,6-10-25 5:15 PM,6-10-25 5:43 PM,,6-10-25 10:34 PM
PK202400017055,"3,98,776",16-09-2024,Package,Media - DICE,10252722,Roslan DICE NJ Backdated June Release 6.10.25,"6,343",,Posted,6-10-25 3:55 PM,6-10-25 9:10 PM,6-10-25 9:10 PM,6-10-25 10:11 PM,,6-11-25 10:08 AM
PK202400017056,"3,98,778",16-09-2024,Package,Media - DICE,10252724,Roslan DICE CA Backdated June Release 6.10.25,"5,071",,Posted,6-10-25 4:16 PM,6-10-25 9:35 PM,6-10-25 9:35 PM,6-10-25 10:11 PM,,6-11-25 10:08 AM
AU202400018284,"3,98,780",02-06-2024,Automobile,School Bus Contractors,,Acc_Samanage_157360,"4,315",,Posted,6-11-25 2:49 AM,6-11-25 8:05 AM,6-11-25 8:05 AM,6-11-25 8:24 AM,,6-11-25 9:26 AM
PK202400017057,"3,98,781",01-07-2024,Package,Franchise Equipment Dealer,10252729,hfx_157670L,"12,749",,Hold,6-11-25 4:55 AM,6-11-25 10:10 AM,6-11-25 10:10 AM,6-11-25 10:19 AM,6-11-25 10:36 AM,
AU202400018285,"3,98,782",13-07-2024,Automobile,School Bus Contractors,,hfx_157360L,"-23,269",,Posted,6-11-25 6:59 AM,6-11-25 12:15 PM,6-11-25 12:15 PM,6-11-25 1:40 PM,,6-11-25 2:23 PM
AU202400018285,"3,98,783",02-06-2024,Automobile,School Bus Contractors,,hfx_157360L,"35,993",,Posted,6-11-25 6:56 AM,6-11-25 12:15 PM,6-11-25 12:15 PM,6-11-25 12:40 PM,,6-11-25 1:21 PM
AU202400018285,"3,98,784",19-07-2024,Automobile,School Bus Contractors,,hfx_157360L,"9,494",,InProcess,6-11-25 7:17 AM,6-11-25 12:35 PM,,,,
AU202400018285,"3,98,785",18-09-2024,Automobile,School Bus Contractors,,hfx_157360L,"3,443",,InProcess,6-11-25 7:32 AM,6-11-25 12:50 PM,,,,
AU202400018285,"3,98,786",18-09-2024,Automobile,School Bus Contractors,,hfx_157360L,"4,006",,InProcess,6-11-25 7:36 AM,6-11-25 12:55 PM,,,,
AU202400018285,"3,98,787",23-10-2024,Automobile,School Bus Contractors,,hfx_157360L,"2,974",,InProcess,6-11-25 7:54 AM,6-11-25 1:10 PM,,,,
AU202400018285,"3,98,788",14-11-2024,Automobile,School Bus Contractors,,hfx_157360L,"-5,362",,InProcess,6-11-25 7:59 AM,6-11-25 1:15 PM,,,,
PK202400017058,"3,98,789",16-09-2024,Package,Media - DICE,10252735,Roslan DICE NJ Backdated June Release 6.11.25,"6,023",,InProcess,6-11-25 8:43 AM,6-11-25 2:05 PM,,,,
PK202300017059,"3,98,791",22-05-2023,Package,Media - DICE,10252733,hfx_156309L,"5,321",,InProcess,6-11-25 9:08 AM,6-11-25 2:25 PM,,,,
PK202300017059,"3,98,792",08-09-2023,Package,Media - DICE,10252733,hfx_156309L,0,,InProcess,6-11-25 9:11 AM,6-11-25 2:30 PM,,,,
PK202400017059,"3,98,793",22-05-2024,Package,Media - DICE,10252733,hfx_156309L,"6,072",,InProcess,6-11-25 9:29 AM,6-11-25 2:47 PM,,,,
PK202400017038,"3,98,794",11-09-2024,Package,Media - DICE,10252655,Roslan DICE NJ Backdated June Release 6.5.25,0,,Hold,6-11-25 12:35 PM,6-11-25 5:50 PM,6-11-25 5:50 PM,6-11-25 6:10 PM,6-11-25 7:06 PM,
PK202500017038,"3,98,795",11-09-2025,Package,Media - DICE,10252655,Roslan DICE NJ Backdated June Release 6.5.25,"5,094",,Hold,6-11-25 12:37 PM,6-11-25 5:55 PM,6-11-25 5:55 PM,6-11-25 6:10 PM,6-11-25 7:06 PM,
PK202400017061,"3,98,801",01-07-2024,Package,Media - Touring,10252741,hfx_157531L,"5,018",,Hold,6-12-25 2:46 AM,6-12-25 8:05 AM,6-12-25 8:05 AM,6-12-25 8:22 AM,6-13-25 6:20 AM,
PK202400017061,"3,98,802",24-04-2025,Package,Media - Touring,10252741,hfx_157531L,0,,Hold,6-12-25 2:51 AM,6-12-25 8:10 AM,6-12-25 8:10 AM,6-13-25 6:36 AM,6-13-25 7:23 AM,
PK202400017061,"3,98,803",31-05-2025,Package,Media - Touring,10252741,hfx_157531L,351,,Hold,6-12-25 2:59 AM,6-12-25 8:15 AM,6-12-25 8:15 AM,6-13-25 7:40 AM,6-13-25 8:27 AM,
PK202500017063,"3,98,820",02-09-2025,Package,Pest Control,10252754,HFX_157666,"3,569",,Hold,6-12-25 6:22 AM,6-12-25 11:40 AM,6-12-25 11:40 AM,6-13-25 5:13 AM,6-13-25 6:20 AM,
PK202500017063,"3,98,821",20-07-2026,Package,Pest Control,10252754,HFX_157666,0,,Hold,6-12-25 6:34 AM,6-12-25 11:50 AM,6-12-25 11:50 AM,6-13-25 6:36 AM,6-13-25 7:23 AM,
PK202500017063,"3,98,822",20-07-2026,Package,Pest Control,10252754,HFX_157666,0,,Hold,6-12-25 6:34 AM,6-12-25 11:55 AM,6-12-25 11:55 AM,6-13-25 11:04 AM,6-13-25 12:06 PM,
PK202500017063,"3,98,823",20-07-2026,Package,Pest Control,10252754,HFX_157666,17,,Hold,6-12-25 6:39 AM,6-12-25 11:55 AM,6-12-25 11:55 AM,6-13-25 7:40 AM,6-13-25 8:27 AM,
PK202500017063,"3,98,824",20-07-2026,Package,Pest Control,10252754,HFX_157666,17,,Posted,6-12-25 6:39 AM,6-12-25 11:55 AM,6-12-25 11:55 AM,6-13-25 9:53 AM,,6-13-25 10:50 AM
PK202500017063,"3,98,825",20-07-2026,Package,Pest Control,10252754,HFX_157666,18,,Posted,6-12-25 6:40 AM,6-12-25 11:55 AM,6-12-25 11:55 AM,6-13-25 1:18 PM,,6-13-25 2:23 PM
PK202500017063,"3,98,826",20-07-2026,Package,Pest Control,10252754,HFX_157666,0,,Posted,6-12-25 6:40 AM,6-12-25 11:55 AM,6-12-25 11:55 AM,6-13-25 2:53 PM,,6-13-25 3:46 PM
PK202500017063,"3,98,827",02-09-2025,Package,Pest Control,10252754,HFX_157666,0,,Posted,6-12-25 6:40 AM,6-12-25 11:55 AM,6-12-25 11:55 AM,6-13-25 12:14 PM,,6-13-25 1:07 PM
AU202500018286,"3,98,836",31-01-2025,Automobile,Credit Union Plus,,Credit-Union-Plus-test-HFX,447,,Posted,6-12-25 10:57 AM,6-12-25 4:15 PM,6-12-25 4:15 PM,6-12-25 4:43 PM,,6-12-25 5:36 PM
PK202400017066,"3,98,837",17-09-2024,Package,Media - DICE,10252768,Roslan DICE NJ Backdated July Release 6.12.25,"6,343",,Posted,6-12-25 11:36 AM,6-12-25 4:55 PM,6-12-25 4:55 PM,6-13-25 5:13 AM,,6-13-25 6:20 AM
PK202400017067,"3,98,840",17-09-2024,Package,Media - DICE,10252777,Roslan DICE CA Backdated July Release 6.12.25,"5,163",,Posted,6-12-25 1:57 PM,6-12-25 7:15 PM,6-12-25 7:15 PM,6-13-25 5:13 AM,,6-13-25 6:20 AM
PK202400017070,"3,98,848",18-09-2024,Package,Media - DICE,10252794,Roslan DICE NJ Backdated July Release 6.13.25,"7,027",,Posted,6-13-25 8:22 AM,6-13-25 1:40 PM,6-13-25 1:40 PM,6-13-25 2:00 PM,,6-13-25 3:25 PM
PK202400017071,"3,98,851",18-09-2024,Package,Media - DICE,10252796,Roslan DICE CA Backdated July Release 6.13.25,"5,161",,Posted,6-13-25 8:40 AM,6-13-25 1:56 PM,6-13-25 1:56 PM,6-13-25 2:53 PM,,6-13-25 3:46 PM
PK202500017072,"3,98,853",01-08-2025,Package,Franchise Equipment Dealer,10252798,Reg_Auto_CA_NB_Cancel - Prorata_Reinstate_1.1_Fri Jun 13 2025 12:32:20 GMT-0400 (Eastern Dayl,"75,362",,Posted,6-13-25 11:40 AM,6-13-25 4:55 PM,6-13-25 4:55 PM,6-13-25 6:35 PM,,6-13-25 7:57 PM
PK202500017073,"3,98,854",01-09-2025,Package,Portable Sanitation,10252802,Reg_Multistate_CPP_GL_IM_Crime_Prop_IM_NB_1.1_Fri Jun 13 2025 16:38:28 GMT+0000 (Coordinated Unive,"63,176",,Posted,6-13-25 11:42 AM,6-13-25 5:05 PM,6-13-25 5:05 PM,6-13-25 6:35 PM,,6-13-25 7:57 PM
PK202500017073,"3,98,855",01-09-2025,Package,Portable Sanitation,10252802,Reg_Multistate_CPP_GL_IM_Crime_Prop_IM_NB_1.1_Fri Jun 13 2025 16:38:28 GMT+0000 (Coordinated Unive,"-63,176",,Posted,6-13-25 11:42 AM,6-13-25 5:05 PM,6-13-25 5:05 PM,6-13-25 8:11 PM,,6-13-25 9:11 PM
PK202500017072,"3,98,856",16-08-2025,Package,Franchise Equipment Dealer,10252798,Reg_Auto_CA_NB_Cancel - Prorata_Reinstate_1.1_Fri Jun 13 2025 12:32:20 GMT-0400 (Eastern Dayl,"1,33,748",,Posted,6-13-25 11:44 AM,6-13-25 5:05 PM,6-13-25 5:05 PM,6-13-25 8:11 PM,,6-13-25 9:11 PM
PK202500017072,"3,98,857",31-08-2025,Package,Franchise Equipment Dealer,10252798,Reg_Auto_CA_NB_Cancel - Prorata_Reinstate_1.1_Fri Jun 13 2025 12:32:20 GMT-0400 (Eastern Dayl,"6,750",,Posted,6-13-25 11:47 AM,6-13-25 5:05 PM,6-13-25 5:05 PM,6-13-25 9:23 PM,,6-13-25 10:19 PM
PK202500017072,"3,98,858",31-08-2025,Package,Franchise Equipment Dealer,10252798,Reg_Auto_CA_NB_Cancel - Prorata_Reinstate_1.1_Fri Jun 13 2025 12:32:20 GMT-0400 (Eastern Dayl,"6,750",,Posted,6-13-25 11:47 AM,6-13-25 5:05 PM,6-13-25 5:05 PM,6-13-25 10:31 PM,,6-13-25 11:30 PM
PK202500017072,"3,98,859",31-08-2025,Package,Franchise Equipment Dealer,10252798,Reg_Auto_CA_NB_Cancel - Prorata_Reinstate_1.1_Fri Jun 13 2025 12:32:20 GMT-0400 (Eastern Dayl,"6,750",,Posted,6-13-25 11:48 AM,6-13-25 5:05 PM,6-13-25 5:05 PM,6-17-25 6:48 AM,,6-17-25 9:26 AM
PK202500017072,"3,98,860",26-08-2025,Package,Franchise Equipment Dealer,10252798,Reg_Auto_CA_NB_Cancel - Prorata_Reinstate_1.1_Fri Jun 13 2025 12:32:20 GMT-0400 (Eastern Dayl,0,,Posted,6-13-25 11:48 AM,6-13-25 5:07 PM,6-13-25 5:07 PM,6-17-25 3:06 AM,,6-17-25 6:36 AM
PK202500017074,"3,98,862",01-08-2025,Package,Franchise Equipment Dealer,10252804,Reg_Auto_CA_NB_Cancel - Prorata_Reinstate_1.1_Fri Jun 13 2025 16:46:33 GMT+0000 (Coordinated Unive,"75,362",,Posted,6-13-25 11:55 AM,6-13-25 5:15 PM,6-13-25 5:15 PM,6-13-25 6:35 PM,,6-13-25 7:57 PM
PK202500017074,"3,98,864",16-08-2025,Package,Franchise Equipment Dealer,10252804,Reg_Auto_CA_NB_Cancel - Prorata_Reinstate_1.1_Fri Jun 13 2025 16:46:33 GMT+0000 (Coordinated Unive,"1,33,748",,Posted,6-13-25 11:59 AM,6-13-25 5:15 PM,6-13-25 5:15 PM,6-13-25 8:11 PM,,6-13-25 9:11 PM
PK202500017074,"3,98,865",31-08-2025,Package,Franchise Equipment Dealer,10252804,Reg_Auto_CA_NB_Cancel - Prorata_Reinstate_1.1_Fri Jun 13 2025 16:46:33 GMT+0000 (Coordinated Unive,"6,750",,Posted,6-13-25 12:03 PM,6-13-25 5:20 PM,6-13-25 5:20 PM,6-13-25 10:31 PM,,6-13-25 11:30 PM
PK202500017075,"3,98,866",01-08-2025,Package,Franchise Equipment Dealer,10252805,Reg_Auto_CA_NB_Cancel - Prorata_Reinstate_1.1_Fri Jun 13 2025 12:49:24 GMT-0400 (Eastern Dayl,"75,362",,Posted,6-13-25 11:57 AM,6-13-25 5:20 PM,6-13-25 5:20 PM,6-13-25 6:35 PM,,6-13-25 7:57 PM
PK202500017074,"3,98,867",31-08-2025,Package,Franchise Equipment Dealer,10252804,Reg_Auto_CA_NB_Cancel - Prorata_Reinstate_1.1_Fri Jun 13 2025 16:46:33 GMT+0000 (Coordinated Unive,"6,750",,Posted,6-13-25 12:05 PM,6-13-25 5:20 PM,6-13-25 5:20 PM,6-17-25 6:48 AM,,6-17-25 9:26 AM
PK202500017074,"3,98,868",26-08-2025,Package,Franchise Equipment Dealer,10252804,Reg_Auto_CA_NB_Cancel - Prorata_Reinstate_1.1_Fri Jun 13 2025 16:46:33 GMT+0000 (Coordinated Unive,0,,Posted,6-13-25 12:05 PM,6-13-25 5:20 PM,6-13-25 5:20 PM,6-17-25 3:06 AM,,6-17-25 6:36 AM
PK202500017074,"3,98,869",31-08-2025,Package,Franchise Equipment Dealer,10252804,Reg_Auto_CA_NB_Cancel - Prorata_Reinstate_1.1_Fri Jun 13 2025 16:46:33 GMT+0000 (Coordinated Unive,"6,750",,Posted,6-13-25 12:03 PM,6-13-25 5:25 PM,6-13-25 5:25 PM,6-13-25 9:23 PM,,6-13-25 10:19 PM
PK202500017076,"3,98,885",01-07-2025,Package,Credit Union Plus,,Reg_Auto_CA_NB_Cancel - Prorata_Reinstate_1.1_Sun Jun 15 2025 14:11:33 GMT-0400 (Eastern Dayl,"2,35,059",,Posted,6-15-25 1:19 PM,6-16-25 5:55 AM,6-16-25 5:55 AM,6-17-25 5:09 AM,,6-17-25 6:36 AM
PK202500017077,"3,98,888",01-07-2025,Package,Specialty Trade Contractors,,Reg_Auto_CA_NB_Cancel - Prorata_Reinstate_1.1_Sun Jun 15 2025 18:08:45 GMT+0000 (Coordinated Unive,"7,95,989",,Posted,6-15-25 1:21 PM,6-16-25 5:55 AM,6-16-25 5:55 AM,6-17-25 5:09 AM,,6-17-25 6:36 AM
PK202500017079,"3,98,889",01-07-2025,Package,Propane & Fuel Dealers,,Reg_Property_NY_NB_CnclFlat_Rewrite1.7_Sun Jun 15 2025 14:19:10 GMT-0400 (Eastern Dayl,"3,15,023",,Posted,6-15-25 1:27 PM,6-16-25 5:55 AM,6-16-25 5:55 AM,6-17-25 5:09 AM,,6-17-25 6:36 AM
PK202500017076,"3,98,890",01-07-2025,Package,Credit Union Plus,,Reg_Auto_CA_NB_Cancel - Prorata_Reinstate_1.1_Sun Jun 15 2025 14:11:33 GMT-0400 (Eastern Dayl,"-2,35,059",,Posted,6-15-25 1:19 PM,6-16-25 5:55 AM,6-16-25 5:55 AM,6-17-25 6:48 AM,,6-17-25 9:26 AM
PK202500017081,"3,98,891",01-08-2025,Package,Franchise Equipment Dealer,,Reg_Auto_CA_NB_Cancel - Prorata_Reinstate_1.1_Sun Jun 15 2025 14:21:50 GMT-0400 (Eastern Dayl,"9,78,808",,Posted,6-15-25 1:34 PM,6-16-25 5:55 AM,6-16-25 5:55 AM,6-17-25 5:09 AM,,6-17-25 6:36 AM
PK202500017076,"3,98,892",01-07-2025,Package,Credit Union Plus,,Reg_Auto_CA_NB_Cancel - Prorata_Reinstate_1.1_Sun Jun 15 2025 14:11:33 GMT-0400 (Eastern Dayl,"2,35,059",,Posted,6-15-25 1:21 PM,6-16-25 5:55 AM,6-16-25 5:55 AM,6-17-25 10:20 AM,,6-17-25 4:47 PM
PK202500017083,"3,98,893",01-06-2025,Package,Petrosure - Manufacturers,,Reg_Auto_CA_NB_Cancel - Prorata_Reinstate_1.1_Sun Jun 15 2025 18:27:13 GMT+0000 (Coordinated Unive,"83,89,107",,Posted,6-15-25 1:38 PM,6-16-25 5:55 AM,6-16-25 5:55 AM,6-17-25 5:09 AM,,6-17-25 6:36 AM
PK202500017077,"3,98,894",01-07-2025,Package,Specialty Trade Contractors,,Reg_Auto_CA_NB_Cancel - Prorata_Reinstate_1.1_Sun Jun 15 2025 18:08:45 GMT+0000 (Coordinated Unive,"-7,95,989",,Posted,6-15-25 1:21 PM,6-16-25 5:55 AM,6-16-25 5:55 AM,6-17-25 6:48 AM,,6-17-25 9:26 AM
PK202500016996,"3,98,896",26-08-2025,Package,Media - Film,10252396,Reg_Prop_Media_1.3_Mon Jun 02 2025 10:53:07 GMT+0000 (Coordinated Unive,0,,Posted,6-2-25 6:03 AM,6-16-25 5:55 AM,6-16-25 5:55 AM,6-17-25 5:09 AM,,6-17-25 6:36 AM
PK202500017084,"3,98,898",01-08-2025,Package,Media - Film,,Reg_Prop_VA_Media-Nightlife__Sun Jun 15 2025 18:46:16 GMT+0000 (Coordinated Unive,"18,159",,Posted,6-15-25 1:50 PM,6-16-25 6:05 AM,6-16-25 6:05 AM,6-17-25 5:09 AM,,6-17-25 6:36 AM
PK202500017086,"3,98,899",01-07-2025,Package,Media - Film,,Reg_Prop_NJ_Media-Shell_NB_CF_Sun Jun 15 2025 18:47:44 GMT+0000 (Coordinated Unive,"2,25,183",,Posted,6-15-25 1:53 PM,6-16-25 6:05 AM,6-16-25 6:05 AM,6-17-25 5:09 AM,,6-17-25 6:36 AM
PK202500017078,"3,98,909",29-07-2025,Package,Specialty Trade Contractors,,Reg_Auto_CA_NB_Cancel - Prorata_Reinstate_1.1_Sun Jun 15 2025 18:08:45 GMT+0000 (Coordinated Unive,"7,95,989",,Posted,6-15-25 1:23 PM,6-16-25 6:05 AM,6-16-25 6:05 AM,6-17-25 5:09 AM,,6-17-25 6:36 AM
PK202500017088,"3,98,910",01-08-2025,Package,Franchise Equipment Dealer,,Reg_MultiQuote_NB_1.14_Sun Jun 15 2025 19:01:18 GMT+0000 (Coordinated Unive,"18,649",,Posted,6-15-25 2:06 PM,6-16-25 6:05 AM,6-16-25 6:05 AM,6-17-25 5:09 AM,,6-17-25 6:36 AM
PK202500017078,"3,98,911",15-08-2025,Package,Specialty Trade Contractors,,Reg_Auto_CA_NB_Cancel - Prorata_Reinstate_1.1_Sun Jun 15 2025 18:08:45 GMT+0000 (Coordinated Unive,0,,Posted,6-15-25 1:24 PM,6-16-25 6:05 AM,6-16-25 6:05 AM,6-17-25 6:48 AM,,6-17-25 9:26 AM
PK202500017078,"3,98,913",31-08-2025,Package,Specialty Trade Contractors,,Reg_Auto_CA_NB_Cancel - Prorata_Reinstate_1.1_Sun Jun 15 2025 18:08:45 GMT+0000 (Coordinated Unive,"11,181",,Posted,6-15-25 1:26 PM,6-16-25 6:05 AM,6-16-25 6:05 AM,6-17-25 10:20 AM,,6-17-25 4:47 PM
PK202500017079,"3,98,914",01-07-2025,Package,Propane & Fuel Dealers,,Reg_Property_NY_NB_CnclFlat_Rewrite1.7_Sun Jun 15 2025 14:19:10 GMT-0400 (Eastern Dayl,"-3,15,023",,Posted,6-15-25 1:27 PM,6-16-25 6:05 AM,6-16-25 6:05 AM,6-17-25 6:48 AM,,6-17-25 9:26 AM
AU202500018287,"3,98,921",01-08-2025,Automobile,Petrosure - Crane and Rigging,,Ignore_UR_Petrosure_June_Reg,"29,766",,Posted,6-15-25 10:46 PM,6-16-25 6:10 AM,6-16-25 6:10 AM,6-17-25 3:08 AM,,6-17-25 10:11 AM
PK202500017080,"3,98,922",22-07-2025,Package,Propane & Fuel Dealers,,Reg_Property_NY_NB_CnclFlat_Rewrite1.7_Sun Jun 15 2025 14:19:10 GMT-0400 (Eastern Dayl,"3,15,023",,Posted,6-15-25 1:29 PM,6-16-25 6:10 AM,6-16-25 6:10 AM,6-17-25 5:09 AM,,6-17-25 6:36 AM
AU202500018288,"3,98,926",01-09-2025,Automobile,School Bus Contractors,,"ACC_TEST_SMOKETEST_IGNORE_,'$%&_UAT6_MAAUTO_Mon Jun 16 2025 05:45:29 GMT+0000 (Coordinated Unive","2,167",,Posted,6-16-25 12:47 AM,6-16-25 6:10 AM,6-16-25 6:10 AM,6-17-25 3:08 AM,,6-17-25 10:11 AM
AU202500018289,"3,98,927",01-09-2025,Automobile,School Bus Contractors,,"ACC_TEST_SMOKETEST_IGNORE_,'$%&_UAT6_AUTO_Mon Jun 16 2025 05:42:25 GMT+0000 (Coordinated Unive","9,957",,Posted,6-16-25 12:47 AM,6-16-25 6:10 AM,6-16-25 6:10 AM,6-17-25 3:08 AM,,6-17-25 10:11 AM
PK202500017081,"3,98,929",01-08-2025,Package,Franchise Equipment Dealer,,Reg_Auto_CA_NB_Cancel - Prorata_Reinstate_1.1_Sun Jun 15 2025 14:21:50 GMT-0400 (Eastern Dayl,"-9,78,808",,Posted,6-15-25 1:35 PM,6-16-25 6:10 AM,6-16-25 6:10 AM,6-17-25 6:48 AM,,6-17-25 9:26 AM
PK202500017082,"3,98,933",29-08-2025,Package,Franchise Equipment Dealer,,Reg_Auto_CA_NB_Cancel - Prorata_Reinstate_1.1_Sun Jun 15 2025 14:21:50 GMT-0400 (Eastern Dayl,"9,78,808",,Posted,6-15-25 1:36 PM,6-16-25 6:10 AM,6-16-25 6:10 AM,6-17-25 5:09 AM,,6-17-25 6:36 AM
PK202500017082,"3,98,934",15-09-2025,Package,Franchise Equipment Dealer,,Reg_Auto_CA_NB_Cancel - Prorata_Reinstate_1.1_Sun Jun 15 2025 14:21:50 GMT-0400 (Eastern Dayl,"-2,73,538",,Posted,6-15-25 1:38 PM,6-16-25 6:10 AM,6-16-25 6:10 AM,6-17-25 6:48 AM,,6-17-25 9:26 AM
PK202500017083,"3,98,945",01-06-2025,Package,Petrosure - Manufacturers,,Reg_Auto_CA_NB_Cancel - Prorata_Reinstate_1.1_Sun Jun 15 2025 18:27:13 GMT+0000 (Coordinated Unive,-900,,Posted,6-15-25 1:39 PM,6-16-25 6:15 AM,6-16-25 6:15 AM,6-17-25 6:48 AM,,6-17-25 9:26 AM
PK202500017082,"3,98,947",01-10-2025,Package,Franchise Equipment Dealer,,Reg_Auto_CA_NB_Cancel - Prorata_Reinstate_1.1_Sun Jun 15 2025 14:21:50 GMT-0400 (Eastern Dayl,"1,16,566",,Posted,6-15-25 1:40 PM,6-16-25 6:15 AM,6-16-25 6:15 AM,6-17-25 10:20 AM,,6-17-25 4:47 PM
PK202500016988,"3,98,952",16-08-2025,Package,Media - Rental House,10252352,Reg_Prop_Media_1.1_Mon Jun 02 2025 03:41:45 GMT-0400 (Eastern Dayl,"1,574",,Posted,6-15-25 1:44 PM,6-16-25 6:15 AM,6-16-25 6:15 AM,6-17-25 5:09 AM,,6-17-25 6:36 AM
PK202500016988,"3,98,958",26-08-2025,Package,Media - Rental House,10252352,Reg_Prop_Media_1.1_Mon Jun 02 2025 03:41:45 GMT-0400 (Eastern Dayl,0,,Posted,6-15-25 1:45 PM,6-16-25 6:20 AM,6-16-25 6:20 AM,6-17-25 6:48 AM,,6-17-25 9:26 AM
PK202500016988,"3,98,959",26-08-2025,Package,Media - Rental House,10252352,Reg_Prop_Media_1.1_Mon Jun 02 2025 03:41:45 GMT-0400 (Eastern Dayl,0,,Posted,6-15-25 1:45 PM,6-16-25 6:20 AM,6-16-25 6:20 AM,6-17-25 10:20 AM,,6-17-25 4:47 PM
PK202500016996,"3,98,960",26-08-2025,Package,Media - Film,10252396,Reg_Prop_Media_1.3_Mon Jun 02 2025 10:53:07 GMT+0000 (Coordinated Unive,0,,Posted,6-15-25 1:46 PM,6-16-25 6:20 AM,6-16-25 6:20 AM,6-17-25 10:20 AM,,6-17-25 4:47 PM
PK202500016994,"3,98,961",16-08-2025,Package,Media - DICE,10252385,Reg_Prop_Media_1.2_Mon Jun 02 2025 10:41:52 GMT+0000 (Coordinated Unive,"2,380",,Posted,6-15-25 1:45 PM,6-16-25 6:20 AM,6-16-25 6:20 AM,6-17-25 5:09 AM,,6-17-25 6:36 AM
PK202500016996,"3,98,962",20-08-2025,Package,Media - Film,10252396,Reg_Prop_Media_1.3_Mon Jun 02 2025 10:53:07 GMT+0000 (Coordinated Unive,-61,,Posted,6-15-25 1:46 PM,6-16-25 6:20 AM,6-16-25 6:20 AM,6-17-25 6:48 AM,,6-17-25 9:26 AM
PK202500016994,"3,98,963",26-08-2025,Package,Media - DICE,10252385,Reg_Prop_Media_1.2_Mon Jun 02 2025 10:41:52 GMT+0000 (Coordinated Unive,0,,Posted,6-15-25 1:46 PM,6-16-25 6:20 AM,6-16-25 6:20 AM,6-17-25 6:48 AM,,6-17-25 9:26 AM
PK202500016994,"3,98,964",26-08-2025,Package,Media - DICE,10252385,Reg_Prop_Media_1.2_Mon Jun 02 2025 10:41:52 GMT+0000 (Coordinated Unive,0,,Posted,6-15-25 1:46 PM,6-16-25 6:20 AM,6-16-25 6:20 AM,6-17-25 10:20 AM,,6-17-25 4:47 PM
PK202500016996,"3,98,965",27-08-2025,Package,Media - Film,10252396,Reg_Prop_Media_1.3_Mon Jun 02 2025 10:53:07 GMT+0000 (Coordinated Unive,-746,,Posted,6-15-25 1:46 PM,6-16-25 6:20 AM,6-16-25 6:20 AM,6-17-25 7:50 PM,,6-17-25 11:41 PM
PK202500016988,"3,98,966",26-08-2025,Package,Media - Rental House,10252352,Reg_Prop_Media_1.1_Mon Jun 02 2025 03:41:45 GMT-0400 (Eastern Dayl,0,,Posted,6-15-25 1:46 PM,6-16-25 6:20 AM,6-16-25 6:20 AM,6-18-25 1:38 AM,,6-18-25 10:31 AM
PK202500016988,"3,98,967",20-08-2025,Package,Media - Rental House,10252352,Reg_Prop_Media_1.1_Mon Jun 02 2025 03:41:45 GMT-0400 (Eastern Dayl,730,,Posted,6-15-25 1:46 PM,6-16-25 6:20 AM,6-16-25 6:20 AM,6-17-25 7:50 PM,,6-17-25 11:41 PM
PK202500016996,"3,98,968",27-08-2025,Package,Media - Film,10252396,Reg_Prop_Media_1.3_Mon Jun 02 2025 10:53:07 GMT+0000 (Coordinated Unive,746,,Posted,6-15-25 1:46 PM,6-16-25 6:25 AM,6-16-25 6:25 AM,6-18-25 1:38 AM,,6-18-25 10:31 AM
PK202500016994,"3,98,969",26-08-2025,Package,Media - DICE,10252385,Reg_Prop_Media_1.2_Mon Jun 02 2025 10:41:52 GMT+0000 (Coordinated Unive,0,,Posted,6-15-25 1:47 PM,6-16-25 6:25 AM,6-16-25 6:25 AM,6-18-25 1:38 AM,,6-18-25 10:31 AM
PK202500016988,"3,98,970",27-08-2025,Package,Media - Rental House,10252352,Reg_Prop_Media_1.1_Mon Jun 02 2025 03:41:45 GMT-0400 (Eastern Dayl,0,,Posted,6-15-25 1:46 PM,6-16-25 6:25 AM,6-16-25 6:25 AM,6-18-25 7:05 AM,,6-18-25 12:49 PM
PK202500016988,"3,98,971",27-08-2025,Package,Media - Rental House,10252352,Reg_Prop_Media_1.1_Mon Jun 02 2025 03:41:45 GMT-0400 (Eastern Dayl,0,,Posted,6-15-25 1:47 PM,6-16-25 6:25 AM,6-16-25 6:25 AM,6-18-25 4:49 PM,,6-18-25 9:11 PM
PK202500016994,"3,98,972",20-08-2025,Package,Media - DICE,10252385,Reg_Prop_Media_1.2_Mon Jun 02 2025 10:41:52 GMT+0000 (Coordinated Unive,-38,,Posted,6-15-25 1:47 PM,6-16-25 6:25 AM,6-16-25 6:25 AM,6-17-25 7:50 PM,,6-17-25 11:41 PM
PK202500016994,"3,98,973",27-08-2025,Package,Media - DICE,10252385,Reg_Prop_Media_1.2_Mon Jun 02 2025 10:41:52 GMT+0000 (Coordinated Unive,"-1,778",,Posted,6-15-25 1:47 PM,6-16-25 6:25 AM,6-16-25 6:25 AM,6-18-25 7:05 AM,,6-18-25 12:49 PM
PK202500016994,"3,98,974",27-08-2025,Package,Media - DICE,10252385,Reg_Prop_Media_1.2_Mon Jun 02 2025 10:41:52 GMT+0000 (Coordinated Unive,"1,778",,Posted,6-15-25 1:48 PM,6-16-25 6:25 AM,6-16-25 6:25 AM,6-18-25 4:49 PM,,6-18-25 9:11 PM
PK202500016990,"3,98,975",26-08-2025,Package,Media - DICE,10252360,Reg_Prop_Media_1.6_Mon Jun 02 2025 03:53:59 GMT-0400 (Eastern Dayl,0,,Posted,6-15-25 1:49 PM,6-16-25 6:25 AM,6-16-25 6:25 AM,6-17-25 5:09 AM,,6-17-25 6:36 AM
PK202500017084,"3,98,976",01-08-2025,Package,Media - Film,,Reg_Prop_VA_Media-Nightlife__Sun Jun 15 2025 18:46:16 GMT+0000 (Coordinated Unive,"-18,159",,Posted,6-15-25 1:50 PM,6-16-25 6:25 AM,6-16-25 6:25 AM,6-17-25 6:48 AM,,6-17-25 9:26 AM
PK202500016990,"3,98,977",26-08-2025,Package,Media - DICE,10252360,Reg_Prop_Media_1.6_Mon Jun 02 2025 03:53:59 GMT-0400 (Eastern Dayl,0,,Posted,6-15-25 1:49 PM,6-16-25 6:25 AM,6-16-25 6:25 AM,6-17-25 6:48 AM,,6-17-25 9:26 AM
PK202500016990,"3,98,980",26-08-2025,Package,Media - DICE,10252360,Reg_Prop_Media_1.6_Mon Jun 02 2025 03:53:59 GMT-0400 (Eastern Dayl,0,,Posted,6-15-25 1:50 PM,6-16-25 6:30 AM,6-16-25 6:30 AM,6-17-25 7:50 PM,,6-17-25 11:41 PM
PK202500017090,"3,98,981",01-07-2025,Package,Propane & Fuel Dealers,10252864,Reg_Auto_CA_NB_Cancel - Prorata_Reinstate_1.1_Mon Jun 16 2025 06:01:42 GMT+0000 (Coordinated Unive,"24,831",,Posted,6-16-25 1:07 AM,6-16-25 6:31 AM,6-16-25 6:31 AM,6-17-25 5:09 AM,,6-17-25 6:36 AM
PK202500017084,"3,98,982",01-08-2025,Package,Media - Film,,Reg_Prop_VA_Media-Nightlife__Sun Jun 15 2025 18:46:16 GMT+0000 (Coordinated Unive,"-18,159",,Posted,6-15-25 1:52 PM,6-16-25 6:31 AM,6-16-25 6:31 AM,6-17-25 7:50 PM,,6-17-25 11:41 PM
PK202500016990,"3,98,983",20-08-2025,Package,Media - DICE,10252360,Reg_Prop_Media_1.6_Mon Jun 02 2025 03:53:59 GMT-0400 (Eastern Dayl,-614,,Posted,6-15-25 1:50 PM,6-16-25 6:32 AM,6-16-25 6:32 AM,6-17-25 10:20 AM,,6-17-25 4:47 PM
PK202500017085,"3,98,986",11-08-2025,Package,Media - Film,,Reg_Prop_VA_Media-Nightlife__Sun Jun 15 2025 18:46:16 GMT+0000 (Coordinated Unive,"1,488",,Posted,6-15-25 1:53 PM,6-16-25 6:32 AM,6-16-25 6:32 AM,6-17-25 5:09 AM,,6-17-25 6:36 AM
PK202500017084,"3,98,987",01-08-2025,Package,Media - Film,,Reg_Prop_VA_Media-Nightlife__Sun Jun 15 2025 18:46:16 GMT+0000 (Coordinated Unive,"18,159",,Posted,6-15-25 1:51 PM,6-16-25 6:32 AM,6-16-25 6:32 AM,6-17-25 10:20 AM,,6-17-25 4:47 PM
PK202500017086,"3,98,990",01-07-2025,Package,Media - Film,,Reg_Prop_NJ_Media-Shell_NB_CF_Sun Jun 15 2025 18:47:44 GMT+0000 (Coordinated Unive,"-2,25,183",,Posted,6-15-25 1:53 PM,6-16-25 6:32 AM,6-16-25 6:32 AM,6-17-25 6:48 AM,,6-17-25 9:26 AM
PK202500016990,"3,98,991",27-08-2025,Package,Media - DICE,10252360,Reg_Prop_Media_1.6_Mon Jun 02 2025 03:53:59 GMT-0400 (Eastern Dayl,0,,Posted,6-15-25 1:51 PM,6-16-25 6:32 AM,6-16-25 6:32 AM,6-18-25 7:05 AM,,6-18-25 12:49 PM
PK202500016990,"3,98,992",27-08-2025,Package,Media - DICE,10252360,Reg_Prop_Media_1.6_Mon Jun 02 2025 03:53:59 GMT-0400 (Eastern Dayl,0,,Posted,6-15-25 1:51 PM,6-16-25 6:32 AM,6-16-25 6:32 AM,6-18-25 1:38 AM,,6-18-25 10:31 AM
PK202600017090,"3,98,993",01-07-2026,Package,Propane & Fuel Dealers,10252865,Reg_Auto_CA_NB_Cancel - Prorata_Reinstate_1.1_Mon Jun 16 2025 06:01:42 GMT+0000 (Coordinated Unive,"26,451",,Posted,6-16-25 1:10 AM,6-16-25 6:32 AM,6-16-25 6:32 AM,6-17-25 5:09 AM,,6-17-25 6:36 AM
PK202500017085,"3,98,997",16-08-2025,Package,Media - Film,,Reg_Prop_VA_Media-Nightlife__Sun Jun 15 2025 18:46:16 GMT+0000 (Coordinated Unive,366,,Posted,6-15-25 1:54 PM,6-16-25 6:35 AM,6-16-25 6:35 AM,6-17-25 6:48 AM,,6-17-25 9:26 AM
PK202500017086,"3,99,000",01-07-2025,Package,Media - Film,,Reg_Prop_NJ_Media-Shell_NB_CF_Sun Jun 15 2025 18:47:44 GMT+0000 (Coordinated Unive,"2,25,183",,Posted,6-15-25 1:54 PM,6-16-25 6:35 AM,6-16-25 6:35 AM,6-17-25 10:20 AM,,6-17-25 4:47 PM
PK202500017086,"3,99,001",01-07-2025,Package,Media - Film,,Reg_Prop_NJ_Media-Shell_NB_CF_Sun Jun 15 2025 18:47:44 GMT+0000 (Coordinated Unive,"-2,25,183",,Posted,6-15-25 1:55 PM,6-16-25 6:35 AM,6-16-25 6:35 AM,6-17-25 7:50 PM,,6-17-25 11:41 PM
PK202500017085,"3,99,002",26-08-2025,Package,Media - Film,,Reg_Prop_VA_Media-Nightlife__Sun Jun 15 2025 18:46:16 GMT+0000 (Coordinated Unive,0,,Posted,6-15-25 1:55 PM,6-16-25 6:35 AM,6-16-25 6:35 AM,6-17-25 10:20 AM,,6-17-25 4:47 PM
PK202500017085,"3,99,003",26-08-2025,Package,Media - Film,,Reg_Prop_VA_Media-Nightlife__Sun Jun 15 2025 18:46:16 GMT+0000 (Coordinated Unive,0,,Posted,6-15-25 1:55 PM,6-16-25 6:35 AM,6-16-25 6:35 AM,6-17-25 7:50 PM,,6-17-25 11:41 PM
PK202500017087,"3,99,006",11-07-2025,Package,Media - Film,,Reg_Prop_NJ_Media-Shell_NB_CF_Sun Jun 15 2025 18:47:44 GMT+0000 (Coordinated Unive,"18,465",,Posted,6-15-25 1:56 PM,6-16-25 6:35 AM,6-16-25 6:35 AM,6-17-25 5:09 AM,,6-17-25 6:36 AM
PK202500017085,"3,99,007",26-08-2025,Package,Media - Film,,Reg_Prop_VA_Media-Nightlife__Sun Jun 15 2025 18:46:16 GMT+0000 (Coordinated Unive,0,,Posted,6-15-25 1:56 PM,6-16-25 6:35 AM,6-16-25 6:35 AM,6-18-25 7:05 AM,,6-18-25 12:49 PM
PK202500017085,"3,99,008",20-08-2025,Package,Media - Film,,Reg_Prop_VA_Media-Nightlife__Sun Jun 15 2025 18:46:16 GMT+0000 (Coordinated Unive,0,,Posted,6-15-25 1:56 PM,6-16-25 6:35 AM,6-16-25 6:35 AM,6-18-25 1:38 AM,,6-18-25 10:31 AM
PK202500017085,"3,99,014",27-08-2025,Package,Media - Film,,Reg_Prop_VA_Media-Nightlife__Sun Jun 15 2025 18:46:16 GMT+0000 (Coordinated Unive,-810,,Posted,6-15-25 1:56 PM,6-16-25 6:40 AM,6-16-25 6:40 AM,6-18-25 4:49 PM,,6-18-25 9:11 PM
PK202500017091,"3,99,015",01-08-2025,Package,Pest Control,10252872,Reg_PestControl_FL_NB_CnclFlat_ReisOSE_1.46_Mon Jun 16 2025 06:12:13 GMT+0000 (Coordinated Unive,"39,083",,Posted,6-16-25 1:17 AM,6-16-25 6:40 AM,6-16-25 6:40 AM,6-17-25 5:09 AM,,6-17-25 6:36 AM
PK202500017085,"3,99,017",27-08-2025,Package,Media - Film,,Reg_Prop_VA_Media-Nightlife__Sun Jun 15 2025 18:46:16 GMT+0000 (Coordinated Unive,810,,Posted,6-15-25 1:57 PM,6-16-25 6:40 AM,6-16-25 6:40 AM,6-18-25 10:22 PM,,6-19-25 12:32 AM
PK202500017087,"3,99,019",16-07-2025,Package,Media - Film,,Reg_Prop_NJ_Media-Shell_NB_CF_Sun Jun 15 2025 18:47:44 GMT+0000 (Coordinated Unive,295,,Posted,6-15-25 1:57 PM,6-16-25 6:40 AM,6-16-25 6:40 AM,6-17-25 6:48 AM,,6-17-25 9:26 AM
PK202500017087,"3,99,021",26-07-2025,Package,Media - Film,,Reg_Prop_NJ_Media-Shell_NB_CF_Sun Jun 15 2025 18:47:44 GMT+0000 (Coordinated Unive,0,,Posted,6-15-25 1:58 PM,6-16-25 6:40 AM,6-16-25 6:40 AM,6-17-25 10:20 AM,,6-17-25 4:47 PM
PK202500017087,"3,99,022",26-07-2025,Package,Media - Film,,Reg_Prop_NJ_Media-Shell_NB_CF_Sun Jun 15 2025 18:47:44 GMT+0000 (Coordinated Unive,0,,Posted,6-15-25 1:58 PM,6-16-25 6:40 AM,6-16-25 6:40 AM,6-17-25 7:50 PM,,6-17-25 11:41 PM
PK202500017087,"3,99,032",26-07-2025,Package,Media - Film,,Reg_Prop_NJ_Media-Shell_NB_CF_Sun Jun 15 2025 18:47:44 GMT+0000 (Coordinated Unive,0,,Posted,6-15-25 1:59 PM,6-16-25 6:46 AM,6-16-25 6:46 AM,6-18-25 7:05 AM,,6-18-25 12:49 PM
PK202500017087,"3,99,033",20-07-2025,Package,Media - Film,,Reg_Prop_NJ_Media-Shell_NB_CF_Sun Jun 15 2025 18:47:44 GMT+0000 (Coordinated Unive,-655,,Posted,6-15-25 1:59 PM,6-16-25 6:46 AM,6-16-25 6:46 AM,6-18-25 1:38 AM,,6-18-25 10:31 AM
PK202500017087,"3,99,034",27-07-2025,Package,Media - Film,,Reg_Prop_NJ_Media-Shell_NB_CF_Sun Jun 15 2025 18:47:44 GMT+0000 (Coordinated Unive,"-7,512",,Posted,6-15-25 2:00 PM,6-16-25 6:46 AM,6-16-25 6:46 AM,6-18-25 4:49 PM,,6-18-25 9:11 PM
PK202500017087,"3,99,045",27-07-2025,Package,Media - Film,,Reg_Prop_NJ_Media-Shell_NB_CF_Sun Jun 15 2025 18:47:44 GMT+0000 (Coordinated Unive,"7,512",,Posted,6-15-25 2:00 PM,6-16-25 6:50 AM,6-16-25 6:50 AM,6-18-25 10:22 PM,,6-19-25 12:32 AM
AU202500018287,"3,99,055",01-08-2025,Automobile,Petrosure - Crane and Rigging,,Ignore_UR_Petrosure_June_Reg,"1,608",,Posted,6-15-25 10:52 PM,6-16-25 6:55 AM,6-16-25 6:55 AM,6-17-25 6:40 AM,,6-17-25 8:29 AM
AU202500018288,"3,99,133",01-09-2025,Automobile,School Bus Contractors,,"ACC_TEST_SMOKETEST_IGNORE_,'$%&_UAT6_MAAUTO_Mon Jun 16 2025 05:45:29 GMT+0000 (Coordinated Unive","-2,167",,Posted,6-16-25 12:47 AM,6-16-25 7:25 AM,6-16-25 7:25 AM,6-17-25 6:40 AM,,6-17-25 8:29 AM
AU202500018289,"3,99,134",01-09-2025,Automobile,School Bus Contractors,,"ACC_TEST_SMOKETEST_IGNORE_,'$%&_UAT6_AUTO_Mon Jun 16 2025 05:42:25 GMT+0000 (Coordinated Unive","-9,957",,Posted,6-16-25 12:48 AM,6-16-25 7:25 AM,6-16-25 7:25 AM,6-17-25 6:40 AM,,6-17-25 8:29 AM
AU202500018290,"3,99,138",01-09-2025,Automobile,Scaffold Program,,Reg_Auto_CA_NB_Cancel - Prorata_Reinstate_1.1_Mon Jun 16 2025 07:09:32 GMT+0000 (Coordinated Unive,"7,128",,Posted,6-16-25 2:14 AM,6-16-25 7:30 AM,6-16-25 7:30 AM,6-17-25 3:08 AM,,6-17-25 10:11 AM
AU202500018288,"3,99,140",01-09-2025,Automobile,School Bus Contractors,,"ACC_TEST_SMOKETEST_IGNORE_,'$%&_UAT6_MAAUTO_Mon Jun 16 2025 05:45:29 GMT+0000 (Coordinated Unive","2,167",,Posted,6-16-25 12:48 AM,6-16-25 7:30 AM,6-16-25 7:30 AM,6-17-25 8:40 AM,,6-17-25 12:50 PM
AU202500018289,"3,99,141",01-09-2025,Automobile,School Bus Contractors,,"ACC_TEST_SMOKETEST_IGNORE_,'$%&_UAT6_AUTO_Mon Jun 16 2025 05:42:25 GMT+0000 (Coordinated Unive","9,957",,Posted,6-16-25 12:48 AM,6-16-25 7:30 AM,6-16-25 7:30 AM,6-17-25 8:40 AM,,6-17-25 12:50 PM
AU202500018291,"3,99,159",01-08-2025,Automobile,Portable Sanitation,,Reg_Auto_CA_NB_Cancel - Prorata_Reinstate_1.1_Mon Jun 16 2025 03:08:28 GMT-0400 (Eastern Dayl,"47,700",,Posted,6-16-25 2:16 AM,6-16-25 7:40 AM,6-16-25 7:40 AM,6-17-25 3:08 AM,,6-17-25 10:11 AM
AU202500018292,"3,99,163",01-06-2025,Automobile,Crane Program,,Reg_Auto_AZ_NB_Non-Prem-Bearing-End_1.13_Mon Jun 16 2025 07:11:53 GMT+0000 (Coordinated Unive,"1,728",,Posted,6-16-25 2:19 AM,6-16-25 7:40 AM,6-16-25 7:40 AM,6-17-25 3:08 AM,,6-17-25 10:11 AM
AU202500018293,"3,99,165",01-03-2025,Automobile,School Bus Contractors,,Reg_Auto_NJ_NB_CancelFlat_Rewrite_End1_End2__1.4_Mon Jun 16 2025 03:08:49 GMT-0400 (Eastern Dayl,"64,682",,Posted,6-16-25 2:19 AM,6-16-25 7:40 AM,6-16-25 7:40 AM,6-17-25 3:08 AM,,6-17-25 10:11 AM
AU202500018295,"3,99,174",29-09-2025,Automobile,Crane Program,,Reg_Auto_AZ_NB_Non-Prem-Bearing-End_1.13_Mon Jun 16 2025 07:11:53 GMT+0000 (Coordinated Unive,"1,882",,InProcess,6-16-25 2:23 AM,6-16-25 7:45 AM,6-16-25 7:45 AM,6-17-25 4:12 AM,6-17-25 4:31 AM,
AU202500018296,"3,99,175",01-08-2025,Automobile,School Bus Contractors,,Reg_Auto_CA_NB_Cancel - Prorata_Reinstate_1.1_Mon Jun 16 2025 07:16:57 GMT+0000 (Coordinated Unive,"39,158",,Posted,6-16-25 2:23 AM,6-16-25 7:45 AM,6-16-25 7:45 AM,6-17-25 3:08 AM,,6-17-25 10:11 AM
PK202500017092,"3,99,177",01-09-2025,Package,Portable Sanitation,10252928,Reg_Multistate_CPP_GL_IM_Crime_Prop_IM_NB_1.1_Mon Jun 16 2025 07:20:09 GMT+0000 (Coordinated Unive,"63,176",,Posted,6-16-25 2:24 AM,6-16-25 7:45 AM,6-16-25 7:45 AM,6-17-25 5:09 AM,,6-17-25 6:36 AM
PK202500017093,"3,99,187",01-09-2025,Package,Portable Sanitation,10252930,DCOD_NB_FormOrder_Mon Jun 16 2025 07:23:52 GMT+0000 (Coordinated Unive,"63,176",,Posted,6-16-25 2:28 AM,6-16-25 7:50 AM,6-16-25 7:50 AM,6-17-25 5:09 AM,,6-17-25 6:36 AM
AU202500018297,"3,99,188",01-03-2025,Automobile,Petrosure - Manufacturers,,Reg_Auto_OK_NB_Prem-Bearing-End_1.17Mon Jun 16 2025 07:25:31 GMT+0000 (Coordinated Unive,"1,369",,Posted,6-16-25 2:29 AM,6-16-25 7:50 AM,6-16-25 7:50 AM,6-17-25 3:08 AM,,6-17-25 10:11 AM
AU202500018298,"3,99,192",01-08-2025,Automobile,Portable Sanitation,,Reg_Auto_CA_NB_Cancel - Prorata_Reinstate_1.1_Mon Jun 16 2025 03:24:23 GMT-0400 (Eastern Dayl,"38,650",,Posted,6-16-25 2:31 AM,6-16-25 7:50 AM,6-16-25 7:50 AM,6-17-25 3:08 AM,,6-17-25 10:11 AM
AU202500018299,"3,99,201",01-04-2025,Automobile,Petrosure - Manufacturers,,Reg_Auto_OK_NB_Prem-Bearing-End_1.17Mon Jun 16 2025 07:25:31 GMT+0000 (Coordinated Unive,"20,638",,Posted,6-16-25 2:32 AM,6-16-25 7:55 AM,6-16-25 7:55 AM,6-17-25 4:12 AM,,6-17-25 6:36 AM
PK202500017094,"3,99,202",01-09-2025,Package,Franchise Equipment Dealer,10252936,Reg_Multistate_CPP_GL_Crime_Prop_NJ_1.3_Mon Jun 16 2025 07:30:06 GMT+0000 (Coordinated Unive,"10,739",,Posted,6-16-25 2:34 AM,6-16-25 7:55 AM,6-16-25 7:55 AM,6-17-25 5:09 AM,,6-17-25 6:36 AM
PK202500017090,"3,99,205",16-07-2025,Package,Propane & Fuel Dealers,10252864,Reg_Auto_CA_NB_Cancel - Prorata_Reinstate_1.1_Mon Jun 16 2025 06:01:42 GMT+0000 (Coordinated Unive,112,,Posted,6-16-25 1:08 AM,6-16-25 7:55 AM,6-16-25 7:55 AM,6-17-25 6:48 AM,,6-17-25 9:26 AM
PK202500017090,"3,99,206",16-07-2025,Package,Propane & Fuel Dealers,10252864,Reg_Auto_CA_NB_Cancel - Prorata_Reinstate_1.1_Mon Jun 16 2025 06:01:42 GMT+0000 (Coordinated Unive,112,,Posted,6-16-25 1:08 AM,6-16-25 7:55 AM,6-16-25 7:55 AM,6-17-25 10:20 AM,,6-17-25 4:47 PM
PK202500017090,"3,99,211",16-07-2025,Package,Propane & Fuel Dealers,10252864,Reg_Auto_CA_NB_Cancel - Prorata_Reinstate_1.1_Mon Jun 16 2025 06:01:42 GMT+0000 (Coordinated Unive,112,,Posted,6-16-25 1:11 AM,6-16-25 7:55 AM,6-16-25 7:55 AM,6-18-25 1:38 AM,,6-18-25 10:31 AM
PK202500017090,"3,99,212",12-07-2025,Package,Propane & Fuel Dealers,10252864,Reg_Auto_CA_NB_Cancel - Prorata_Reinstate_1.1_Mon Jun 16 2025 06:01:42 GMT+0000 (Coordinated Unive,0,,Posted,6-16-25 1:11 AM,6-16-25 7:55 AM,6-16-25 7:55 AM,6-17-25 7:50 PM,,6-17-25 11:41 PM
AU202500018300,"3,99,213",01-06-2025,Automobile,Petrosure - Testing Contractors,,Reg_Auto_LA_NB_Prem-Bearing-End_1.19_Mon Jun 16 2025 07:32:18 GMT+0000 (Coordinated Unive,"1,94,244",,Posted,6-16-25 2:36 AM,6-16-25 8:05 AM,6-16-25 8:05 AM,6-17-25 3:08 AM,,6-17-25 10:11 AM
AU202500018301,"3,99,214",01-05-2025,Automobile,Parking Facilities,,Reg_Auto_IL_NB_CnclFlat_Reissue_CnclPro_Reinstate__$END_OOSE_Cancel_FA_1.18_Mon Jun 16 2025 03:30:58 GMT-0400 (Eastern Dayl,"68,714",,Posted,6-16-25 2:37 AM,6-16-25 8:05 AM,6-16-25 8:05 AM,6-17-25 3:08 AM,,6-17-25 10:11 AM
AU202500018302,"3,99,216",01-06-2025,Automobile,Petrosure - Water Well Drilling Contractors,,Reg_Auto_TX_NB_$End_OOSE_CnclPro_1.20_Mon Jun 16 2025 03:34:02 GMT-0400 (Eastern Dayl,"45,425",,Posted,6-16-25 2:38 AM,6-16-25 8:05 AM,6-16-25 8:05 AM,6-17-25 3:08 AM,,6-17-25 10:11 AM
AU202500018303,"3,99,218",01-08-2025,Automobile,School Bus Contractors,,Reg_Auto_CA_NB_Cancel - Prorata_Reinstate_1.1_Mon Jun 16 2025 07:36:20 GMT+0000 (Coordinated Unive,"10,510",,Posted,6-16-25 2:41 AM,6-16-25 8:05 AM,6-16-25 8:05 AM,6-17-25 3:08 AM,,6-17-25 10:11 AM
AU202500018304,"3,99,222",01-01-2025,Automobile,Media - Rental House,,Reg_Auto_CA_NB_Cancel - Prorata_Reinstate_1.1_Mon Jun 16 2025 07:42:23 GMT+0000 (Coordinated Unive,"12,904",,Posted,6-16-25 2:45 AM,6-16-25 8:05 AM,6-16-25 8:05 AM,6-17-25 3:08 AM,,6-17-25 10:11 AM
AU202500018305,"3,99,230",01-07-2025,Automobile,Franchise Equipment Dealer,,Reg_Auto_NY_NB_END_1.38_Mon Jun 16 2025 07:44:28 GMT+0000 (Coordinated Unive,337,,Posted,6-16-25 2:47 AM,6-16-25 8:10 AM,6-16-25 8:10 AM,6-17-25 3:08 AM,,6-17-25 10:11 AM
AU202500018306,"3,99,232",01-05-2025,Automobile,Crane Program,,Reg_Auto_CA_NB_Cancel - Prorata_Reinstate_1.1_Mon Jun 16 2025 03:43:10 GMT-0400 (Eastern Dayl,786,,Posted,6-16-25 2:48 AM,6-16-25 8:10 AM,6-16-25 8:10 AM,6-17-25 3:08 AM,,6-17-25 10:11 AM
AU202500018307,"3,99,233",01-07-2025,Automobile,School Bus Contractors,,Reg_Auto_MO_NB_CnclFlat_Reissue_1.35_Mon Jun 16 2025 03:43:54 GMT-0400 (Eastern Dayl,"2,261",,Posted,6-16-25 2:48 AM,6-16-25 8:10 AM,6-16-25 8:10 AM,6-17-25 3:08 AM,,6-17-25 10:11 AM
AU202500018308,"3,99,235",31-07-2025,Automobile,Franchise Equipment Dealer,,Reg_Auto_NY_NB_END_1.38_Mon Jun 16 2025 07:44:28 GMT+0000 (Coordinated Unive,"1,269",,Posted,6-16-25 2:50 AM,6-16-25 8:10 AM,6-16-25 8:10 AM,6-17-25 4:12 AM,,6-17-25 6:36 AM
PK202500017096,"3,99,238",16-10-2025,Package,School Bus Contractors,10252940,Reg_Multistate_CPP_Auto_GL_IM_AAIS_1.4_Mon Jun 16 2025 07:33:46 GMT+0000 (Coordinated Unive,"90,03,87,258",,InProcess,6-16-25 2:53 AM,6-16-25 8:10 AM,6-16-25 8:10 AM,6-17-25 5:09 AM,6-17-25 5:51 AM,
AU202500018309,"3,99,245",01-08-2025,Automobile,School Bus Contractors,,Reg_Auto_MO_NB_CnclFlat_Reissue_1.35_Mon Jun 16 2025 03:43:54 GMT-0400 (Eastern Dayl,"27,695",,Posted,6-16-25 2:54 AM,6-16-25 8:15 AM,6-16-25 8:15 AM,6-17-25 4:12 AM,,6-17-25 6:36 AM
PK202500017091,"3,99,251",01-08-2025,Package,Pest Control,10252872,Reg_PestControl_FL_NB_CnclFlat_ReisOSE_1.46_Mon Jun 16 2025 06:12:13 GMT+0000 (Coordinated Unive,"-39,083",,Posted,6-16-25 1:18 AM,6-16-25 8:15 AM,6-16-25 8:15 AM,6-17-25 6:48 AM,,6-17-25 9:26 AM
PK202500017091,"3,99,259",01-08-2025,Package,Pest Control,10252872,Reg_PestControl_FL_NB_CnclFlat_ReisOSE_1.46_Mon Jun 16 2025 06:12:13 GMT+0000 (Coordinated Unive,"39,083",,Posted,6-16-25 1:19 AM,6-16-25 8:20 AM,6-16-25 8:20 AM,6-17-25 10:20 AM,,6-17-25 4:47 PM
PK202500017091,"3,99,260",31-08-2025,Package,Pest Control,10252872,Reg_PestControl_FL_NB_CnclFlat_ReisOSE_1.46_Mon Jun 16 2025 06:12:13 GMT+0000 (Coordinated Unive,"1,731",,Posted,6-16-25 1:20 AM,6-16-25 8:20 AM,6-16-25 8:20 AM,6-17-25 7:50 PM,,6-17-25 11:41 PM
PK202500017091,"3,99,261",31-08-2025,Package,Pest Control,10252872,Reg_PestControl_FL_NB_CnclFlat_ReisOSE_1.46_Mon Jun 16 2025 06:12:13 GMT+0000 (Coordinated Unive,"1,731",,Posted,6-16-25 1:20 AM,6-16-25 8:20 AM,6-16-25 8:20 AM,6-18-25 4:49 PM,,6-18-25 9:11 PM
PK202500017091,"3,99,265",01-10-2025,Package,Pest Control,10252872,Reg_PestControl_FL_NB_CnclFlat_ReisOSE_1.46_Mon Jun 16 2025 06:12:13 GMT+0000 (Coordinated Unive,220,,Posted,6-16-25 1:22 AM,6-16-25 8:20 AM,6-16-25 8:20 AM,6-18-25 1:38 AM,,6-18-25 10:31 AM
PK202500017091,"3,99,266",01-10-2025,Package,Pest Control,10252872,Reg_PestControl_FL_NB_CnclFlat_ReisOSE_1.46_Mon Jun 16 2025 06:12:13 GMT+0000 (Coordinated Unive,220,,Posted,6-16-25 1:22 AM,6-16-25 8:20 AM,6-16-25 8:20 AM,6-18-25 7:05 AM,,6-18-25 12:49 PM
PK202500017091,"3,99,281",31-08-2025,Package,Pest Control,10252872,Reg_PestControl_FL_NB_CnclFlat_ReisOSE_1.46_Mon Jun 16 2025 06:12:13 GMT+0000 (Coordinated Unive,"1,885",,Posted,6-16-25 1:23 AM,6-16-25 8:30 AM,6-16-25 8:30 AM,6-19-25 1:36 AM,,6-19-25 10:13 AM
PK202500017091,"3,99,282",01-10-2025,Package,Pest Control,10252872,Reg_PestControl_FL_NB_CnclFlat_ReisOSE_1.46_Mon Jun 16 2025 06:12:13 GMT+0000 (Coordinated Unive,230,,Posted,6-16-25 1:23 AM,6-16-25 8:30 AM,6-16-25 8:30 AM,6-19-25 6:29 AM,,6-19-25 9:09 AM
PK202500017091,"3,99,283",01-08-2025,Package,Pest Control,10252872,Reg_PestControl_FL_NB_CnclFlat_ReisOSE_1.46_Mon Jun 16 2025 06:12:13 GMT+0000 (Coordinated Unive,"3,154",,Posted,6-16-25 1:23 AM,6-16-25 8:30 AM,6-16-25 8:30 AM,6-18-25 10:22 PM,,6-19-25 12:32 AM
PK202500017091,"3,99,290",31-08-2026,Package,Pest Control,10252872,Reg_PestControl_FL_NB_CnclFlat_ReisOSE_1.46_Mon Jun 16 2025 06:12:13 GMT+0000 (Coordinated Unive,156,,Posted,6-16-25 1:25 AM,6-16-25 8:35 AM,6-16-25 8:35 AM,6-19-25 10:11 AM,,6-19-25 1:32 PM
PK202500016985,"3,99,300",01-09-2025,Package,Media - Special Events & Leisure,10252346,Reg_MediaSpecialEvents_FL_NB_1.49_Mon Jun 02 2025 07:28:08 GMT+0000 (Coordinated Unive,"-5,275",,Posted,6-16-25 1:29 AM,6-16-25 8:40 AM,6-16-25 8:40 AM,6-17-25 5:09 AM,,6-17-25 6:36 AM
PK202500016985,"3,99,304",01-09-2025,Package,Media - Special Events & Leisure,10252346,Reg_MediaSpecialEvents_FL_NB_1.49_Mon Jun 02 2025 07:28:08 GMT+0000 (Coordinated Unive,"7,798",,Posted,6-16-25 1:31 AM,6-16-25 8:40 AM,6-16-25 8:40 AM,6-17-25 6:48 AM,,6-17-25 9:26 AM
PK202500016985,"3,99,307",02-10-2025,Package,Media - Special Events & Leisure,10252346,Reg_MediaSpecialEvents_FL_NB_1.49_Mon Jun 02 2025 07:28:08 GMT+0000 (Coordinated Unive,0,,Posted,6-16-25 1:32 AM,6-16-25 8:40 AM,6-16-25 8:40 AM,6-17-25 10:20 AM,,6-17-25 4:47 PM
AU202500018310,"3,99,368",01-08-2025,Automobile,Solar Energy Contractors,,Reg_Auto_CA_NB_Cancel - Prorata_Reinstate_1.1_Mon Jun 16 2025 08:47:17 GMT+0000 (Coordinated Unive,"29,266",,Posted,6-16-25 3:51 AM,6-16-25 9:15 AM,6-16-25 9:15 AM,6-17-25 3:08 AM,,6-17-25 10:11 AM
AU202500018311,"3,99,369",01-08-2025,Automobile,Portable Sanitation,,Reg_Auto_CA_NB_Cancel - Prorata_Reinstate_1.1_Mon Jun 16 2025 04:47:54 GMT-0400 (Eastern Dayl,"37,315",,Posted,6-16-25 3:52 AM,6-16-25 9:15 AM,6-16-25 9:15 AM,6-17-25 3:08 AM,,6-17-25 10:11 AM
AU202500018312,"3,99,371",01-08-2025,Automobile,Media - DICE,,Reg_Auto_CA_NB_Cancel - Prorata_Reinstate_1.1_Mon Jun 16 2025 04:46:41 GMT-0400 (Eastern Dayl,"18,945",,Posted,6-16-25 3:53 AM,6-16-25 9:15 AM,6-16-25 9:15 AM,6-17-25 3:08 AM,,6-17-25 10:11 AM
AU202500018313,"3,99,375",01-04-2025,Automobile,Media - Film,,Reg_Auto_CA_NB_CF_Rewrite_$End_OOSE_1.2_Mon Jun 16 2025 08:49:55 GMT+0000 (Coordinated Unive,"7,904",,Posted,6-16-25 3:55 AM,6-16-25 9:15 AM,6-16-25 9:15 AM,6-17-25 3:08 AM,,6-17-25 10:11 AM
AU202500018315,"3,99,385",01-09-2025,Automobile,Media - DICE,,Reg_Auto_FL_NB_CF_Rewrite_$End_1.3_Mon Jun 16 2025 08:54:37 GMT+0000 (Coordinated Unive,"9,91,984",,Posted,6-16-25 3:59 AM,6-16-25 9:20 AM,6-16-25 9:20 AM,6-17-25 3:08 AM,,6-17-25 10:11 AM
AU202500018317,"3,99,396",01-09-2025,Automobile,Media - Rental House,,Reg_Auto_PA_NB_Cancel - Prorata_Reinstate_1.1_Mon Jun 16 2025 04:58:20 GMT-0400 (Eastern Dayl,"98,13,292",,Posted,6-16-25 4:01 AM,6-16-25 9:25 AM,6-16-25 9:25 AM,6-17-25 3:08 AM,,6-17-25 10:11 AM
AU202500018318,"3,99,398",01-08-2025,Automobile,Portable Sanitation,,Reg_Auto_CA_NB_Cancel - Prorata_Reinstate_1.1_Mon Jun 16 2025 04:56:26 GMT-0400 (Eastern Dayl,"37,315",,Posted,6-16-25 4:01 AM,6-16-25 9:25 AM,6-16-25 9:25 AM,6-17-25 3:08 AM,,6-17-25 10:11 AM
AU202500018320,"3,99,399",01-10-2025,Automobile,Parking Facilities,,Reg_Auto_CA_NB_Cancel - Prorata_Reinstate_1.1_Mon Jun 16 2025 09:00:44 GMT+0000 (Coordinated Unive,"20,613",,Posted,6-16-25 4:04 AM,6-16-25 9:25 AM,6-16-25 9:25 AM,6-17-25 3:08 AM,,6-17-25 10:11 AM
PK202500017097,"3,99,402",01-08-2025,Package,Franchise Equipment Dealer,10252982,Reg_PKG_MultiQuote_NY_NB_1.51_Mon Jun 16 2025 05:03:06 GMT-0400 (Eastern Dayl,"11,636",,Posted,6-16-25 4:10 AM,6-16-25 9:25 AM,6-16-25 9:25 AM,6-17-25 5:09 AM,,6-17-25 6:36 AM
AU202500018321,"3,99,422",01-08-2025,Automobile,Media - Rental House,,Reg_Auto_MultiQuote_FL_NB_1.52_Mon Jun 16 2025 09:04:55 GMT+0000 (Coordinated Unive,"67,691",,Posted,6-16-25 4:11 AM,6-16-25 9:35 AM,6-16-25 9:35 AM,6-17-25 3:08 AM,,6-17-25 10:11 AM
AU202500018322,"3,99,423",13-05-2025,Automobile,Media - DICE,,Reg_AutoRen2_NJ_NB_End_AutoRen_1.7_Mon Jun 16 2025 05:11:04 GMT-0400 (Eastern Dayl,"1,488",,Posted,6-16-25 4:13 AM,6-16-25 9:35 AM,6-16-25 9:35 AM,6-17-25 3:08 AM,,6-17-25 10:11 AM
AU202400018323,"3,99,425",01-09-2024,Automobile,School Bus Contractors,,Reg_AutoRen_NY_NB_CnFl_Rewrite_$End_Ren_1.54_Mon Jun 16 2025 05:08:24 GMT-0400 (Eastern Dayl,"16,722",,Posted,6-16-25 4:14 AM,6-16-25 9:35 AM,6-16-25 9:35 AM,6-17-25 3:08 AM,,6-17-25 10:11 AM
AU202500018325,"3,99,427",20-03-2025,Automobile,Freight Forwarders,,Reg_AutoRen2_CA_Nb_Cnfl_Reissue_AutoRen_1.55_Mon Jun 16 2025 09:13:08 GMT+0000 (Coordinated Unive,"1,009",,,6-16-25 4:16 AM,6-16-25 9:35 AM,6-16-25 9:35 AM,6-17-25 3:08 AM,,6-17-25 10:11 AM